{"MSE": 2.4565308826888548, "_timestamp": 1685969358.05611, "_runtime": 34.353901863098145, "_step": 0, "_wandb": {"runtime": 43}}