{"MSE": 2.446984083140815, "_timestamp": 1685969770.3036804, "_runtime": 46.82328653335571, "_step": 0, "_wandb": {"runtime": 46}}