{"MSE": 2.4477126283581065, "_timestamp": 1685969565.977985, "_runtime": 42.696784019470215, "_step": 0, "_wandb": {"runtime": 47}}