{"MSE": 2.4513202251035895, "_timestamp": 1685969668.2176092, "_runtime": 47.72311305999756, "_step": 0, "_wandb": {"runtime": 52}}