{"MSE": 2.44780240779334, "_timestamp": 1685969467.3082266, "_runtime": 44.44168949127197, "_step": 0, "_wandb": {"runtime": 48}}