{"MSE'": 2.453983836538874, "_timestamp": 1685968741.0855062, "_runtime": 53.62672019004822, "_step": 0, "_wandb": {"runtime": 57}}